City,Title,Link,Post Date,Processed,Description,Remote,Email,Default Mail,Gmail,Yahoo,Outlook,AOL
toronto,üèÜGet Paid to Share Your Thoughts on Sports Betting & Casino Apps! üé∞,https://toronto.craigslist.org/tor/cpg/d/toronto-get-paid-to-share-your-thoughts/7837759865.html,Thu Mar 27 2025 04:23:14 GMT+0530 (India Standard Time),True,"Love using sports betting and online casino apps? Want to influence the future of your favorite platforms and get paid for your feedback?
Join our exclusive Tester Database and be the first to test new features, apps, and experiences‚Äîall while earning real cash via direct deposit, Visa gift card, etc.! üí∞

 ‚úîÔ∏èSimple & Easy: Participate in studies when it fits your schedule
‚úîÔ∏èGet Paid: Earn cash for sharing your honest opinions
‚úîÔ∏èExclusive Access: Help shape the future of online betting & gaming

Please text (814) 359-9027 for more information to sign up and be contacted for future opportunities!

Have a great day!",Not Specified,"c01728a779ab3c15813088955f4f1e6b
@gigs.craigslist.org",mailto:c01728a779ab3c15813088955f4f1e6b@gigs.craigslist.org?subject=%F0%9F%8F%86Get%20Paid%20to%20Share%20Your%20Thoughts%20on%20Sports%20Betting%20%26%20Casino%20Apps%21%C2%A0%F0%9F%8E%B0&body=%0A%0Ahttps%3A%2F%2Ftoronto.craigslist.org%2Ftor%2Fcpg%2Fd%2Ftoronto-get-paid-to-share-your-thoughts%2F7837759865.html%0A,https://mail.google.com/mail/?view=cm&fs=1&su=%F0%9F%8F%86Get%20Paid%20to%20Share%20Your%20Thoughts%20on%20Sports%20Betting%20%26%20Casino%20Apps%21%C2%A0%F0%9F%8E%B0&body=%0A%0Ahttps%3A%2F%2Ftoronto.craigslist.org%2Ftor%2Fcpg%2Fd%2Ftoronto-get-paid-to-share-your-thoughts%2F7837759865.html%0A&to=c01728a779ab3c15813088955f4f1e6b%40gigs.craigslist.org,http://compose.mail.yahoo.com/?subj=%F0%9F%8F%86Get%20Paid%20to%20Share%20Your%20Thoughts%20on%20Sports%20Betting%20%26%20Casino%20Apps%21%C2%A0%F0%9F%8E%B0&body=%0A%0Ahttps%3A%2F%2Ftoronto.craigslist.org%2Ftor%2Fcpg%2Fd%2Ftoronto-get-paid-to-share-your-thoughts%2F7837759865.html%0A&to=c01728a779ab3c15813088955f4f1e6b%40gigs.craigslist.org,https://outlook.live.com/default.aspx?rru=compose&subject=%F0%9F%8F%86Get%20Paid%20to%20Share%20Your%20Thoughts%20on%20Sports%20Betting%20%26%20Casino%20Apps%21%C2%A0%F0%9F%8E%B0&body=%0A%0Ahttps%3A%2F%2Ftoronto.craigslist.org%2Ftor%2Fcpg%2Fd%2Ftoronto-get-paid-to-share-your-thoughts%2F7837759865.html%0A&to=c01728a779ab3c15813088955f4f1e6b%40gigs.craigslist.org,http://mail.aol.com/mail/compose-message.aspx?subject=%F0%9F%8F%86Get%20Paid%20to%20Share%20Your%20Thoughts%20on%20Sports%20Betting%20%26%20Casino%20Apps%21%C2%A0%F0%9F%8E%B0&body=%0A%0Ahttps%3A%2F%2Ftoronto.craigslist.org%2Ftor%2Fcpg%2Fd%2Ftoronto-get-paid-to-share-your-thoughts%2F7837759865.html%0A&to=c01728a779ab3c15813088955f4f1e6b%40gigs.craigslist.org
toronto,Software Testing Side Gig,https://buffalo.craigslist.org/cpg/d/buffalo-software-testing-side-gig/7839279086.html,Wed Apr 02 2025 15:35:10 GMT+0530 (India Standard Time),True,"Want to earn extra cash while testing software and digital tools? We‚Äôre looking for detail-oriented individuals to participate in usability tests and provide feedback on functionality.
Job Duties
Interact with apps, websites, and digital services.
Provide insights on how intuitive and user-friendly they are.
Document your experience and suggest improvements.
Benefits
Pay: $500 per project, depending on scope.
Completely remote work.
Perfect for freelancers, students, or stay-at-home parents.
Easy application process‚Äîno resume required.
Apply today and start testing software from home!",Not Specified,Not Available,,,,,
toronto,Participate in paid research online! Earn $270 for the full study!,https://rochester.craigslist.org/cpg/d/rochester-participate-in-paid-research/7839099401.html,Tue Apr 01 2025 21:48:09 GMT+0530 (India Standard Time),True,"Earn $270 for completing the entire study. There's a 1 in 100 chance of winning $50 just by completing the 3-minute screening survey here: https://projectbluememphis.com

What's involved?
1) Screening survey for eligibility (Online or by phone: ‚Ä™(662) 912-5268‚Ä¨)
2) Confidential surveys about your health behaviors and lifestyle
3)Two 1-hour sessions that involve discussing a few of these topics: activity participation, nutrition, drinking, and stress reduction (via Zoom)

Call, email us, or use the QR code, or copy and paste the link below for the next steps!

https://projectbluememphis.com‚Ä¨‚Ä¨‚Ä¨",Not Specified,"fb3a9d07e3db3a53888ed2a135236044
@gigs.craigslist.org",mailto:fb3a9d07e3db3a53888ed2a135236044@gigs.craigslist.org?subject=Participate%20in%20paid%20research%20online%21%20Earn%20%24270%20for%20the%20full%20study%21&body=%0A%0Ahttps%3A%2F%2Frochester.craigslist.org%2Fcpg%2Fd%2Frochester-participate-in-paid-research%2F7839099401.html%0A,https://mail.google.com/mail/?view=cm&fs=1&su=Participate%20in%20paid%20research%20online%21%20Earn%20%24270%20for%20the%20full%20study%21&body=%0A%0Ahttps%3A%2F%2Frochester.craigslist.org%2Fcpg%2Fd%2Frochester-participate-in-paid-research%2F7839099401.html%0A&to=fb3a9d07e3db3a53888ed2a135236044%40gigs.craigslist.org,http://compose.mail.yahoo.com/?subj=Participate%20in%20paid%20research%20online%21%20Earn%20%24270%20for%20the%20full%20study%21&body=%0A%0Ahttps%3A%2F%2Frochester.craigslist.org%2Fcpg%2Fd%2Frochester-participate-in-paid-research%2F7839099401.html%0A&to=fb3a9d07e3db3a53888ed2a135236044%40gigs.craigslist.org,https://outlook.live.com/default.aspx?rru=compose&subject=Participate%20in%20paid%20research%20online%21%20Earn%20%24270%20for%20the%20full%20study%21&body=%0A%0Ahttps%3A%2F%2Frochester.craigslist.org%2Fcpg%2Fd%2Frochester-participate-in-paid-research%2F7839099401.html%0A&to=fb3a9d07e3db3a53888ed2a135236044%40gigs.craigslist.org,http://mail.aol.com/mail/compose-message.aspx?subject=Participate%20in%20paid%20research%20online%21%20Earn%20%24270%20for%20the%20full%20study%21&body=%0A%0Ahttps%3A%2F%2Frochester.craigslist.org%2Fcpg%2Fd%2Frochester-participate-in-paid-research%2F7839099401.html%0A&to=fb3a9d07e3db3a53888ed2a135236044%40gigs.craigslist.org
toronto,Exclusive Paid Study on the Panel Experience | Earn $120 plus bonuses,https://buffalo.craigslist.org/cpg/d/buffalo-exclusive-paid-study-on-the/7838257513.html,Sat Mar 29 2025 02:55:35 GMT+0530 (India Standard Time),True,"Pulse Labs (https://pulselabs.ai/), a leader in user research for emerging technologies, is seeking teenagers, parents of teenagers, and young adults for an exciting research opportunity!

Overview:


Who: Teenagers, parents of teenagers, and young adults
Where: United States Only
What is needed: A mobile phone and a laptop/desktop only
Compensation: $120 plus great bonuses for timely and good-quality submissions

This is a great opportunity to share your feedback and directly influence the future of technology! If you‚Äôre interested, sign up using the following link: https://hubs.li/Q03dZTxK0.
Once signed up, you‚Äôll receive more details and the next steps directly via email.

For any questions, feel free to contact us at support@pulselabs.ai. We look forward to your participation!",Not Specified,"175e867ed9263d0ea17befa4b57910ab
@gigs.craigslist.org",mailto:175e867ed9263d0ea17befa4b57910ab@gigs.craigslist.org?subject=Exclusive%20Paid%20Study%20on%20the%20Panel%20Experience%20%7C%20Earn%20%24120%20plus%20bonuses&body=%0A%0Ahttps%3A%2F%2Fbuffalo.craigslist.org%2Fcpg%2Fd%2Fbuffalo-exclusive-paid-study-on-the%2F7838257513.html%0A,https://mail.google.com/mail/?view=cm&fs=1&su=Exclusive%20Paid%20Study%20on%20the%20Panel%20Experience%20%7C%20Earn%20%24120%20plus%20bonuses&body=%0A%0Ahttps%3A%2F%2Fbuffalo.craigslist.org%2Fcpg%2Fd%2Fbuffalo-exclusive-paid-study-on-the%2F7838257513.html%0A&to=175e867ed9263d0ea17befa4b57910ab%40gigs.craigslist.org,http://compose.mail.yahoo.com/?subj=Exclusive%20Paid%20Study%20on%20the%20Panel%20Experience%20%7C%20Earn%20%24120%20plus%20bonuses&body=%0A%0Ahttps%3A%2F%2Fbuffalo.craigslist.org%2Fcpg%2Fd%2Fbuffalo-exclusive-paid-study-on-the%2F7838257513.html%0A&to=175e867ed9263d0ea17befa4b57910ab%40gigs.craigslist.org,https://outlook.live.com/default.aspx?rru=compose&subject=Exclusive%20Paid%20Study%20on%20the%20Panel%20Experience%20%7C%20Earn%20%24120%20plus%20bonuses&body=%0A%0Ahttps%3A%2F%2Fbuffalo.craigslist.org%2Fcpg%2Fd%2Fbuffalo-exclusive-paid-study-on-the%2F7838257513.html%0A&to=175e867ed9263d0ea17befa4b57910ab%40gigs.craigslist.org,http://mail.aol.com/mail/compose-message.aspx?subject=Exclusive%20Paid%20Study%20on%20the%20Panel%20Experience%20%7C%20Earn%20%24120%20plus%20bonuses&body=%0A%0Ahttps%3A%2F%2Fbuffalo.craigslist.org%2Fcpg%2Fd%2Fbuffalo-exclusive-paid-study-on-the%2F7838257513.html%0A&to=175e867ed9263d0ea17befa4b57910ab%40gigs.craigslist.org
toronto,Paid Research Jobs - No Experience Needed,https://rochester.craigslist.org/cpg/d/rochester-paid-research-jobs-no/7837585757.html,Wed Mar 26 2025 18:21:39 GMT+0530 (India Standard Time),True,"APPLY HERE
Earn $300-$3000+ per study - High-paying research opportunities
Work from home - Participate from anywhere, no commuting
Flexible hours - Work on your own schedule, part-time or full-time
No experience needed - Simple surveys & feedback tasks
Various opportunities - Product testing, opinion surveys, market research, and more
Safe & legit - Trusted companies looking for real consumer opinions
Mobile-friendly - Complete tasks from your phone, laptop, or tablet




APPLY NOW",Remote,Not Available,,,,,
toronto,"Get Paid to Post Online, Be an Influencer",https://buffalo.craigslist.org/cpg/d/buffalo-get-paid-to-post-online-be-an/7837143871.html,Mon Mar 24 2025 23:47:06 GMT+0530 (India Standard Time),True,"Perfect side hustle that takes very little time and you get to try free products.
Check out the link below for more details
https://influencerdeals.net/pages/signup

This is a quick easy way to earn some cash and get free products, not a full-time job üòä
Our team may require up to one week to provide a response.",Not Specified,"2abdbde3682d344084536263e082fc87
@gigs.craigslist.org",mailto:2abdbde3682d344084536263e082fc87@gigs.craigslist.org?subject=Get%20Paid%20to%20Post%20Online%2C%20Be%20an%20Influencer&body=%0A%0Ahttps%3A%2F%2Fbuffalo.craigslist.org%2Fcpg%2Fd%2Fbuffalo-get-paid-to-post-online-be-an%2F7837143871.html%0A,https://mail.google.com/mail/?view=cm&fs=1&su=Get%20Paid%20to%20Post%20Online%2C%20Be%20an%20Influencer&body=%0A%0Ahttps%3A%2F%2Fbuffalo.craigslist.org%2Fcpg%2Fd%2Fbuffalo-get-paid-to-post-online-be-an%2F7837143871.html%0A&to=2abdbde3682d344084536263e082fc87%40gigs.craigslist.org,http://compose.mail.yahoo.com/?subj=Get%20Paid%20to%20Post%20Online%2C%20Be%20an%20Influencer&body=%0A%0Ahttps%3A%2F%2Fbuffalo.craigslist.org%2Fcpg%2Fd%2Fbuffalo-get-paid-to-post-online-be-an%2F7837143871.html%0A&to=2abdbde3682d344084536263e082fc87%40gigs.craigslist.org,https://outlook.live.com/default.aspx?rru=compose&subject=Get%20Paid%20to%20Post%20Online%2C%20Be%20an%20Influencer&body=%0A%0Ahttps%3A%2F%2Fbuffalo.craigslist.org%2Fcpg%2Fd%2Fbuffalo-get-paid-to-post-online-be-an%2F7837143871.html%0A&to=2abdbde3682d344084536263e082fc87%40gigs.craigslist.org,http://mail.aol.com/mail/compose-message.aspx?subject=Get%20Paid%20to%20Post%20Online%2C%20Be%20an%20Influencer&body=%0A%0Ahttps%3A%2F%2Fbuffalo.craigslist.org%2Fcpg%2Fd%2Fbuffalo-get-paid-to-post-online-be-an%2F7837143871.html%0A&to=2abdbde3682d344084536263e082fc87%40gigs.craigslist.org
toronto,Great Work-at-Home Opportunity for Computer Social Media Marketers,https://meadville.craigslist.org/cpg/d/meadville-great-work-at-home/7835561384.html,Tue Mar 18 2025 23:56:37 GMT+0530 (India Standard Time),True,"Green Home Systems is one of the nation's largest providers of residential and commercial solar energy and other energy saving products. We'd like to invite you to partner with us as a GREEN HOME AMBASSADOR! It's a very easy referral program where we set you up with your own solar marketing business at no cost to you (we just pay you!)

We provide a wealth of marketing support on the advantages of going solar as well as different methods of generating referrals with particular focus in utilizing your SOCIAL MEDIA NETWORKS to spread the word on clean energy and how much homeowners can save on their electric bill by going solar vs paying ever-increasing rates from their electric company. It really is a no-brainer for most homeowners once they are educated and understand the many benefits of going solar

WE ARE NOT AN MLM OR ANYTHING RESEMBLING THAT

- Earn $100 for each referred homeowner who we send a proposal to with a quote
- Earn $1000 for each referred homeowner who completes an installation

- Flexible program where you can choose to work full-time or at your leisure.
- We are a nationwide solar company operating in 14 states, one of the largest customer footprints in the country

WHAT WE NEED FROM YOU
- Available to start immediately
- Must be dependable, hard-working and self-motivated
- You must have a home office setup with phone, computer and internet

No risk or obligation of any kind. Just an easy means of earning extra income while showing owners how they can save thousands over time by switching to solar.

For more information, you can call John Harper, Director of Marketing and Manager of the Green Home Ambassador program at 310-569-5411, or you can visit greenhomesystems.com/ambassador. It will take you to the Ambassador page on our website where you can click on Become A Green Home Ambassador to register.",Not Specified,"johnh
@greensoltech.com",mailto:johnh@greensoltech.com?subject=Great%20Work-at-Home%20Opportunity%20for%20Computer%20Social%20Media%20Marketers&body=%0A%0Ahttps%3A%2F%2Fmeadville.craigslist.org%2Fcpg%2Fd%2Fmeadville-great-work-at-home%2F7835561384.html%0A,https://mail.google.com/mail/?view=cm&fs=1&su=Great%20Work-at-Home%20Opportunity%20for%20Computer%20Social%20Media%20Marketers&body=%0A%0Ahttps%3A%2F%2Fmeadville.craigslist.org%2Fcpg%2Fd%2Fmeadville-great-work-at-home%2F7835561384.html%0A&to=johnh%40greensoltech.com,http://compose.mail.yahoo.com/?subj=Great%20Work-at-Home%20Opportunity%20for%20Computer%20Social%20Media%20Marketers&body=%0A%0Ahttps%3A%2F%2Fmeadville.craigslist.org%2Fcpg%2Fd%2Fmeadville-great-work-at-home%2F7835561384.html%0A&to=johnh%40greensoltech.com,https://outlook.live.com/default.aspx?rru=compose&subject=Great%20Work-at-Home%20Opportunity%20for%20Computer%20Social%20Media%20Marketers&body=%0A%0Ahttps%3A%2F%2Fmeadville.craigslist.org%2Fcpg%2Fd%2Fmeadville-great-work-at-home%2F7835561384.html%0A&to=johnh%40greensoltech.com,http://mail.aol.com/mail/compose-message.aspx?subject=Great%20Work-at-Home%20Opportunity%20for%20Computer%20Social%20Media%20Marketers&body=%0A%0Ahttps%3A%2F%2Fmeadville.craigslist.org%2Fcpg%2Fd%2Fmeadville-great-work-at-home%2F7835561384.html%0A&to=johnh%40greensoltech.com
